{
  "bitext_in_domain": {
    "accuracy": 0.998,
    "precision": 0.9964,
    "recall": 0.9964,
    "f1_score": 0.9964,
    "roc_auc": 0.9999
  },
  "twcs_cross_domain": {
    "f1_macro": 0.5444376215743116,
    "precision_macro": 0.5755671286278674,
    "recall_macro": 0.5660583987811711,
    "accuracy": 0.55445,
    "roc_auc": 0.5462181275588697,
    "confusion_matrix": [
      [
        7027,
        2342
      ],
      [
        6569,
        4062
      ]
    ]
  },
  "twcs_in_domain_cv_f1": 0.7750793623878545,
  "generalization_drop": {
    "f1_drop": 0.4519623784256883,
    "auc_drop": 0.45368187244113034,
    "accuracy_drop": 0.44355
  }
}